model,slice,n,prevalence,majority_floor,accuracy,precision,recall,specificity,f1,roc_auc,tn,fp,fn,tp,arm,n_train,seed,epochs,best_epoch,best_val_auc
b0_pretrained_n100_seed0,full test,476,0.334,0.666,0.8445,0.7374,0.8302,0.8517,0.7811,0.9064,270,47,27,132,b0_pretrained,100,0,120,94,0.8847058823529412
b0_pretrained_n100_seed0,source-matched (flickr),247,0.615,0.615,0.8057,0.8421,0.8421,0.7474,0.8421,0.8649,71,24,24,128,b0_pretrained,100,0,120,94,0.8847058823529412
b0_pretrained_n100_seed0,unsplash only,229,0.031,0.969,0.8865,0.1481,0.5714,0.8964,0.2353,0.8095,199,23,3,4,b0_pretrained,100,0,120,94,0.8847058823529412
b0_pretrained_n250_seed0,full test,476,0.334,0.666,0.8718,0.7606,0.8994,0.858,0.8242,0.9501,272,45,16,143,b0_pretrained,250,0,120,76,0.9390117647058823
b0_pretrained_n250_seed0,source-matched (flickr),247,0.615,0.615,0.8421,0.8466,0.9079,0.7368,0.8762,0.9153,70,25,14,138,b0_pretrained,250,0,120,76,0.9390117647058823
b0_pretrained_n250_seed0,unsplash only,229,0.031,0.969,0.9039,0.2,0.7143,0.9099,0.3125,0.9163,202,20,2,5,b0_pretrained,250,0,120,76,0.9390117647058823
b0_pretrained_n500_seed0,full test,476,0.334,0.666,0.8697,0.7366,0.9497,0.8297,0.8297,0.9664,263,54,8,151,b0_pretrained,500,0,120,54,0.9748235294117648
b0_pretrained_n500_seed0,source-matched (flickr),247,0.615,0.615,0.8259,0.8011,0.9539,0.6211,0.8709,0.931,59,36,7,145,b0_pretrained,500,0,120,54,0.9748235294117648
b0_pretrained_n500_seed0,unsplash only,229,0.031,0.969,0.917,0.25,0.8571,0.9189,0.3871,0.9511,204,18,1,6,b0_pretrained,500,0,120,54,0.9748235294117648
b0_pretrained_n1000_seed0,full test,476,0.334,0.666,0.9013,0.8043,0.9308,0.8864,0.863,0.9708,281,36,11,148,b0_pretrained,1000,0,72,39,0.9796235294117648
b0_pretrained_n1000_seed0,source-matched (flickr),247,0.615,0.615,0.8381,0.8218,0.9408,0.6737,0.8773,0.9314,64,31,9,143,b0_pretrained,1000,0,72,39,0.9796235294117648
b0_pretrained_n1000_seed0,unsplash only,229,0.031,0.969,0.9694,0.5,0.7143,0.9775,0.5882,0.9801,217,5,2,5,b0_pretrained,1000,0,72,39,0.9796235294117648
b0_pretrained_n100_seed1,full test,476,0.334,0.666,0.7731,0.6321,0.7673,0.776,0.6932,0.8568,246,71,37,122,b0_pretrained,100,1,120,91,0.9031294117647058
b0_pretrained_n100_seed1,source-matched (flickr),247,0.615,0.615,0.6964,0.7391,0.7829,0.5579,0.7604,0.7852,53,42,33,119,b0_pretrained,100,1,120,91,0.9031294117647058
b0_pretrained_n100_seed1,unsplash only,229,0.031,0.969,0.8559,0.0938,0.4286,0.8694,0.1538,0.5161,193,29,4,3,b0_pretrained,100,1,120,91,0.9031294117647058
b0_pretrained_n250_seed1,full test,476,0.334,0.666,0.8655,0.7778,0.8365,0.8801,0.8061,0.9332,279,38,26,133,b0_pretrained,250,1,120,60,0.9532941176470587
b0_pretrained_n250_seed1,source-matched (flickr),247,0.615,0.615,0.8178,0.8497,0.8553,0.7579,0.8525,0.8841,72,23,22,130,b0_pretrained,250,1,120,60,0.9532941176470587
b0_pretrained_n250_seed1,unsplash only,229,0.031,0.969,0.917,0.1667,0.4286,0.9324,0.24,0.8462,207,15,4,3,b0_pretrained,250,1,120,60,0.9532941176470587
b0_pretrained_n500_seed1,full test,476,0.334,0.666,0.8887,0.788,0.9119,0.877,0.8455,0.9629,278,39,14,145,b0_pretrained,500,1,120,60,0.9751529411764707
b0_pretrained_n500_seed1,source-matched (flickr),247,0.615,0.615,0.8259,0.8225,0.9145,0.6842,0.866,0.9222,65,30,13,139,b0_pretrained,500,1,120,60,0.9751529411764707
b0_pretrained_n500_seed1,unsplash only,229,0.031,0.969,0.9563,0.4,0.8571,0.9595,0.5455,0.9614,213,9,1,6,b0_pretrained,500,1,120,60,0.9751529411764707
b0_pretrained_n1000_seed1,full test,476,0.334,0.666,0.8908,0.7716,0.956,0.858,0.8539,0.9735,272,45,7,152,b0_pretrained,1000,1,72,56,0.9795764705882353
b0_pretrained_n1000_seed1,source-matched (flickr),247,0.615,0.615,0.8421,0.8156,0.9605,0.6526,0.8822,0.9379,62,33,6,146,b0_pretrained,1000,1,72,56,0.9795764705882353
b0_pretrained_n1000_seed1,unsplash only,229,0.031,0.969,0.9432,0.3333,0.8571,0.9459,0.48,0.9607,210,12,1,6,b0_pretrained,1000,1,72,56,0.9795764705882353
b0_pretrained_n100_seed2,full test,476,0.334,0.666,0.792,0.6389,0.8679,0.7539,0.736,0.9245,239,78,21,138,b0_pretrained,100,2,120,93,0.9038117647058824
b0_pretrained_n100_seed2,source-matched (flickr),247,0.615,0.615,0.8057,0.821,0.875,0.6947,0.8471,0.9146,66,29,19,133,b0_pretrained,100,2,120,93,0.9038117647058824
b0_pretrained_n100_seed2,unsplash only,229,0.031,0.969,0.7773,0.0926,0.7143,0.7793,0.1639,0.8604,173,49,2,5,b0_pretrained,100,2,120,93,0.9038117647058824
b0_pretrained_n250_seed2,full test,476,0.334,0.666,0.8718,0.7917,0.8365,0.8896,0.8135,0.9572,282,35,26,133,b0_pretrained,250,2,120,76,0.9481882352941177
b0_pretrained_n250_seed2,source-matched (flickr),247,0.615,0.615,0.8178,0.8497,0.8553,0.7579,0.8525,0.9197,72,23,22,130,b0_pretrained,250,2,120,76,0.9481882352941177
b0_pretrained_n250_seed2,unsplash only,229,0.031,0.969,0.9301,0.2,0.4286,0.9459,0.2727,0.9086,210,12,4,3,b0_pretrained,250,2,120,76,0.9481882352941177
b0_pretrained_n500_seed2,full test,476,0.334,0.666,0.8845,0.7653,0.9434,0.8549,0.8451,0.9721,271,46,9,150,b0_pretrained,500,2,120,79,0.9754823529411765
b0_pretrained_n500_seed2,source-matched (flickr),247,0.615,0.615,0.8421,0.8192,0.9539,0.6632,0.8815,0.937,63,32,7,145,b0_pretrained,500,2,120,79,0.9754823529411765
b0_pretrained_n500_seed2,unsplash only,229,0.031,0.969,0.9301,0.2632,0.7143,0.9369,0.3846,0.9678,208,14,2,5,b0_pretrained,500,2,120,79,0.9754823529411765
b0_pretrained_n1000_seed2,full test,476,0.334,0.666,0.9097,0.8222,0.9308,0.8991,0.8732,0.975,285,32,11,148,b0_pretrained,1000,2,72,64,0.982
b0_pretrained_n1000_seed2,source-matched (flickr),247,0.615,0.615,0.8462,0.8353,0.9342,0.7053,0.882,0.9338,67,28,10,142,b0_pretrained,1000,2,72,64,0.982
b0_pretrained_n1000_seed2,unsplash only,229,0.031,0.969,0.9782,0.6,0.8571,0.982,0.7059,0.9891,218,4,1,6,b0_pretrained,1000,2,72,64,0.982
